"","Name","Id","Adp","X","Team","Position","Age","Games","Starts","Completion","Pass_Attempts","Pass_Yards","Pass_TDs","Interceptions","Rush_Attempts","Rush_Yards","Rush_TDs","Targets","Receptions","Rec_Yards","Rec_TDs","VBD","Position_Rank","Overall_Rank"
"1","A.J. Green",10261,96.5,62,"CIN","WR",23,15,15,0,0,0,0,0,5,53,0,115,65,1057,7,34,14,37
"2","Aaron Hernandez",9830,133.61,76,"NWE","TE",22,14,12,0,0,0,0,0,5,45,0,113,79,910,7,40,3,32
"3","Aaron Rodgers",7836,7.56,2,"GNB","QB",28,15,15,343,502,4643,45,6,60,257,3,0,0,0,0,171,1,1
"4","Adrian Peterson",8658,2.2,36,"MIN","RB",26,12,12,0,0,0,0,0,208,970,12,24,18,139,1,40,8,31
"5","Ahmad Bradshaw",8917,37.95,58,"NYG","RB",25,12,9,0,0,0,0,0,171,659,9,44,34,267,2,12,20,63
"6","Alex Green",10347,214.74,480,"GNB","RB",23,4,0,0,0,0,0,0,3,11,0,1,1,6,0,NA,147,NA
"7","Alex Smith",7813,191.07,316,"CLE","TE",29,14,4,0,0,0,0,0,0,0,0,25,14,131,1,NA,47,NA
"8","Alex Smith",7813,191.07,25,"SFO","QB",27,16,16,273,445,3144,17,5,52,179,2,0,0,0,0,NA,15,NA
"9","Andre Johnson",6931,10.04,187,"HOU","WR",30,7,7,0,0,0,0,0,1,8,0,51,33,492,2,NA,72,NA
"10","Andre Roberts",9921,176.65,172,"ARI","WR",23,16,16,0,0,0,0,0,3,27,0,98,51,586,2,NA,63,NA
"11","Andy Dalton",10313,190.96,28,"CIN","QB",24,16,16,300,516,3398,20,13,37,152,1,1,0,0,0,NA,18,NA
"12","Anquan Boldin",6982,59.77,110,"BAL","WR",31,14,14,0,0,0,0,0,0,0,0,106,57,887,3,NA,38,NA
"13","Anthony Armstrong",9697,192.26,303,"WAS","WR",28,14,2,0,0,0,0,0,2,19,0,27,7,103,2,NA,123,NA
"14","Anthony Dixon",9975,215.75,313,"SFO","RB",24,16,0,0,0,0,0,0,29,87,2,1,1,6,0,NA,92,NA
"15","Antonio Brown",9988,150.9,85,"PIT","WR",23,16,3,0,0,0,0,0,7,41,0,124,69,1108,2,8,25,68
"16","Antonio Gates",7236,38.2,93,"SDG","TE",31,13,13,0,0,0,0,0,0,0,0,88,64,778,7,22,7,53
"17","Arian Foster",9690,3.42,15,"HOU","RB",25,13,13,0,0,0,0,0,278,1224,10,72,53,617,2,108,4,11
"18","Arrelious Benn",9859,172.96,189,"TAM","WR",23,14,14,0,0,0,0,0,6,-7,0,51,30,441,3,NA,74,NA
"19","Austin Collie",9563,79.37,196,"IND","WR",26,16,5,0,0,0,0,0,0,0,0,96,54,514,1,NA,75,NA
"20","Beanie Wells",9440,74.01,50,"ARI","RB",23,14,14,0,0,0,0,0,245,1047,10,16,10,52,0,21,17,55
"21","Ben Roethlisberger",7401,56.45,20,"PIT","QB",29,15,15,324,513,4077,21,14,31,70,0,0,0,0,0,NA,13,NA
"22","Ben Tate",9907,143.15,83,"HOU","RB",23,15,2,0,0,0,0,0,175,942,4,19,13,98,0,NA,28,NA
"23","Ben Watson",7422,182.25,206,"CLE","TE",31,13,11,0,0,0,0,0,0,0,0,70,37,410,2,NA,30,NA
"24","BenJarvus Green-Ellis",9347,73.67,69,"NWE","RB",26,16,6,0,0,0,0,0,181,667,11,13,9,159,0,NA,24,NA
"25","Bernard Berrian",7468,176.48,384,"MIN","WR",31,5,1,0,0,0,0,0,0,0,0,23,7,91,0,NA,146,NA
"26","Bernard Scott",9639,176.69,191,"CIN","RB",27,16,1,0,1,0,0,0,112,380,3,17,13,38,0,NA,54,NA
"27","Bilal Powell",10369,223.33,466,"NYJ","RB",23,2,0,0,0,0,0,0,13,21,0,1,1,7,0,NA,142,NA
"28","Blaine Gabbert",10262,214.33,89,"JAX","QB",22,15,14,210,413,2214,12,11,48,98,0,0,0,0,0,NA,27,NA
"29","Brandon Gibson",9625,188.93,218,"STL","WR",24,15,9,0,0,0,0,0,2,16,0,71,36,431,1,NA,85,NA
"30","Brandon Jacobs",7922,105.53,96,"NYG","RB",29,14,6,0,0,0,0,0,152,571,7,23,15,128,1,NA,32,NA
"31","Brandon Lloyd",7052,52.27,82,"2TM","WR",30,15,14,0,1,0,0,0,0,0,0,148,70,966,5,10,24,66
"32","Brandon Marshall",8360,47.41,57,"MIA","WR",27,16,16,0,0,0,0,0,1,13,0,141,81,1214,6,42,13,30
"33","Brandon Pettigrew",9444,115.51,109,"DET","TE",26,16,16,0,0,0,0,0,0,0,0,126,83,777,5,10,11,65
"34","Braylon Edwards",7815,120.28,318,"SFO","WR",28,9,5,0,0,0,0,0,0,0,0,34,15,181,0,NA,127,NA
"35","Brent Celek",8838,159.48,106,"PHI","TE",26,16,16,0,0,0,0,0,0,0,0,98,62,811,5,14,10,61
"36","C.J. Spiller",9822,109.79,98,"BUF","WR",24,16,11,0,0,0,0,0,107,561,4,54,39,269,2,NA,30,NA
"37","Calvin Johnson",8657,13.9,12,"DET","WR",26,16,16,0,0,0,0,0,1,11,0,158,96,1681,16,148,1,4
"38","Cam Newton",10273,157.14,4,"CAR","QB",22,16,16,310,517,4051,21,17,126,706,14,1,1,27,0,147,3,5
"39","Carson Palmer",6929,220.14,77,"OAK","QB",32,10,9,199,328,2753,13,16,16,20,1,0,0,0,0,NA,26,NA
"40","Cedric Benson",7816,71.16,66,"CIN","RB",29,15,15,0,0,0,0,0,273,1067,6,22,15,82,0,2,23,73
"41","Chad Henne",9073,179.87,192,"MIA","QB",26,4,4,64,112,868,4,4,15,112,1,0,0,0,0,NA,38,NA
"42","Chris Cooley",7471,143.25,398,"WAS","TE",29,5,5,0,0,0,0,0,2,3,0,13,8,65,0,NA,69,NA
"43","Chris Johnson",9078,5.71,48,"TEN","RB",26,16,16,0,0,0,0,0,262,1047,4,79,57,418,0,22,16,54
"44","Colt McCoy",9899,149.99,52,"CLE","QB",25,13,13,265,463,2733,14,11,61,212,0,1,1,-5,0,NA,22,NA
"45","Dallas Clark",6952,56.89,231,"IND","TE",32,11,10,0,0,0,0,0,0,0,0,65,34,352,2,NA,32,NA
"46","Danario Alexander",10082,185.56,205,"STL","WR",25,10,5,0,0,0,0,0,0,0,0,60,26,431,2,NA,80,NA
"47","Daniel Thomas",10299,92.69,174,"MIA","RB",24,13,2,0,0,0,0,0,165,581,0,16,12,72,1,NA,49,NA
"48","Danny Amendola",9308,106.8,422,"STL","WR",26,1,1,0,0,0,0,0,0,0,0,6,5,45,0,NA,161,NA
"49","Danny Woodhead",9693,137.76,190,"NWE","RB",26,15,4,0,0,0,0,0,77,351,1,31,18,157,0,NA,53,NA
"50","Darren McFadden",9087,17.04,111,"OAK","RB",24,7,7,0,0,0,0,0,113,614,4,23,19,154,1,NA,33,NA
"51","Darren Sproles",7942,149.93,38,"NOR","RB",28,16,4,0,0,0,0,0,87,603,2,111,86,710,7,39,10,34
"52","Darrius Heyward-Bey",9452,228.36,91,"OAK","WR",24,15,13,0,0,0,0,0,0,0,0,115,64,975,4,3,28,72
"53","Davone Bess",9301,135.21,171,"MIA","WR",26,16,4,0,0,0,0,0,2,9,0,86,51,537,3,NA,65,NA
"54","DeAngelo Williams",8268,51.02,75,"CAR","RB",28,16,14,0,0,0,0,0,155,836,7,25,16,135,0,NA,26,NA
"55","Deion Branch",6573,148.5,124,"NWE","WR",32,15,15,0,0,0,0,0,0,0,0,90,51,702,5,NA,45,NA
"56","Deji Karim",9979,185.42,300,"JAX","RB",25,12,0,0,0,0,0,0,63,130,0,19,14,120,0,NA,88,NA
"57","Delone Carter",10304,155.02,216,"IND","RB",24,16,3,0,0,0,0,0,101,377,2,8,5,18,0,NA,62,NA
"58","DeMarco Murray",10302,165.68,97,"DAL","RB",23,13,7,0,0,0,0,0,164,897,2,35,26,183,0,NA,30,NA
"59","Demaryius Thomas",9884,222.54,156,"DEN","WR",24,11,5,0,1,0,0,0,1,5,0,70,32,551,4,NA,58,NA
"60","Denarius Moore",10388,176.79,115,"OAK","WR",23,13,10,0,0,0,0,0,5,61,1,76,33,618,5,NA,39,NA
"61","Derrick Mason",2986,185.98,323,"2TM","WR",37,12,2,0,0,0,0,0,0,0,0,35,19,170,0,NA,128,NA
"62","Derrick Ward",7625,189.26,295,"HOU","RB",31,12,1,0,0,0,0,0,45,154,2,1,0,0,0,NA,85,NA
"63","DeSean Jackson",9075,31.45,88,"PHI","WR",25,15,15,0,0,0,0,0,7,41,0,104,58,961,4,5,27,70
"64","Devin Hester",8298,178.22,246,"CHI","WR",29,16,8,0,0,0,0,0,1,-6,0,56,26,369,1,NA,99,NA
"65","Dexter McCluster",9856,195.07,134,"KAN","WR",23,16,4,0,0,0,0,0,114,516,1,64,46,328,1,NA,51,NA
"66","Dez Bryant",9823,42.92,70,"DAL","WR",23,15,13,0,0,0,0,0,1,5,0,103,63,928,9,28,19,46
"67","Dezmon Briscoe",9896,219.34,165,"TAM","WR",22,16,2,0,0,0,0,0,0,0,0,51,35,387,6,NA,61,NA
"68","Donald Brown",9456,184.35,117,"IND","RB",24,16,2,0,0,0,0,0,134,645,5,19,16,86,0,NA,34,NA
"69","Donald Driver",4077,161.4,155,"GNB","WR",36,16,15,0,0,0,0,0,0,0,0,56,37,445,6,NA,57,NA
"70","Donnie Avery",9040,209.16,365,"TEN","WR",27,8,0,0,0,0,0,0,0,0,0,11,3,45,1,NA,142,NA
"71","Donovan McNabb",3866,141.46,182,"MIN","QB",35,6,6,94,156,1026,4,2,14,59,1,0,0,0,0,NA,36,NA
"72","Drew Brees",4925,19.01,3,"NOR","QB",32,16,16,468,657,5476,46,14,21,86,1,0,0,0,0,167,2,2
"73","Dustin Keller",9080,141.01,105,"NYJ","TE",27,16,12,0,0,0,0,0,0,0,0,115,65,815,5,14,9,59
"74","Dwayne Bowe",8667,36.15,71,"KAN","WR",27,16,14,0,0,0,0,0,1,12,0,142,81,1159,5,28,20,47
"75","Earl Bennett",9137,180.81,238,"CHI","WR",24,11,4,0,0,0,0,0,0,0,0,43,24,381,1,NA,94,NA
"76","Ed Dickson",9912,207.14,151,"BAL","TE",24,16,16,0,0,0,0,0,0,0,0,89,54,528,5,NA,19,NA
"77","Eddie Royal",9120,179.53,297,"DEN","WR",25,12,8,0,0,0,0,0,7,48,0,50,19,155,1,NA,121,NA
"78","Eli Manning",7391,88.32,8,"NYG","QB",30,16,16,359,589,4933,29,16,35,15,1,0,0,0,0,60,6,21
"79","Emmanuel Sanders",9918,165.14,248,"PIT","WR",24,11,0,1,1,15,0,0,0,0,0,43,22,288,2,NA,100,NA
"80","Eric Decker",9881,200.25,108,"DEN","WR",24,16,13,0,1,0,0,0,1,1,0,96,44,612,8,NA,36,NA
"81","Evan Moore",9787,210.71,200,"CLE","TE",26,16,4,0,0,0,0,0,0,0,0,46,34,324,4,NA,28,NA
"82","Felix Jones",9079,43.43,145,"DAL","RB",24,12,8,0,0,0,0,0,127,575,1,45,33,221,0,NA,41,NA
"83","Frank Gore",7877,20.84,40,"SFO","RB",28,16,15,0,0,0,0,0,282,1211,8,31,17,114,0,34,12,38
"84","Fred Davis",9058,213.99,130,"WAS","TE",25,12,12,0,0,0,0,0,0,0,0,88,59,796,3,NA,12,NA
"85","Fred Jackson",8934,84.67,44,"BUF","RB",30,10,10,0,0,0,0,0,170,934,6,50,39,442,0,25,14,50
"86","Golden Tate",9831,224.99,198,"SEA","WR",23,16,5,0,0,0,0,0,5,14,0,58,35,382,3,NA,77,NA
"87","Greg Jennings",8293,22.5,68,"GNB","WR",28,13,13,0,0,0,0,0,0,0,0,101,67,949,9,30,18,44
"88","Greg Little",10327,144.55,150,"CLE","WR",22,16,12,0,0,0,0,0,3,15,0,119,61,709,2,NA,55,NA
"89","Greg Olsen",8687,142.5,142,"CAR","TE",26,16,13,0,0,0,0,0,0,0,0,89,45,540,5,NA,16,NA
"90","Hakeem Nicks",9450,22.51,56,"NYG","WR",23,15,15,0,0,0,0,0,0,0,0,133,76,1192,7,42,12,28
"91","Harry Douglas",9144,201.45,201,"ATL","WR",27,16,4,0,0,0,0,0,1,3,0,62,39,498,1,NA,78,NA
"92","Heath Miller",7842,168.22,163,"PIT","TE",29,16,16,0,0,0,0,0,1,6,0,74,51,631,2,NA,20,NA
"93","Hines Ward",3367,124.72,225,"PIT","WR",35,15,9,0,0,0,0,0,0,0,0,63,46,381,2,NA,87,NA
"94","Isaac Redman",9705,196.87,168,"PIT","RB",27,16,1,0,0,0,0,0,110,479,3,22,18,78,0,NA,48,NA
"95","Jabar Gaffney",6541,208.79,86,"WAS","WR",31,16,15,0,0,0,0,0,0,0,0,114,68,947,5,6,26,69
"96","Jacob Tamme",9176,205.97,304,"IND","TE",26,16,5,0,0,0,0,0,0,0,0,31,19,177,1,NA,43,NA
"97","Jacoby Ford",9874,121.68,260,"OAK","WR",24,8,3,0,0,0,0,0,4,31,0,33,19,279,1,NA,103,NA
"98","Jacoby Jones",8772,182.87,180,"HOU","WR",27,16,10,0,0,0,0,0,4,17,0,65,31,512,2,NA,67,NA
"99","Jacquizz Rodgers",10300,191.64,219,"ATL","RB",21,16,0,0,0,0,0,0,57,205,1,27,21,188,1,NA,66,NA
"100","Jahvid Best",9839,41.09,144,"DET","RB",22,6,6,0,0,0,0,0,84,390,2,40,27,287,1,NA,40,NA
"101","Jake Locker",10279,212.33,228,"TEN","QB",23,5,0,34,66,542,4,0,8,56,1,0,0,0,0,NA,41,NA
"102","Jamaal Charles",9054,5.84,336,"KAN","RB",25,2,1,0,0,0,0,0,12,83,0,6,5,9,1,NA,99,NA
"103","James Jones",8776,159.47,114,"GNB","WR",27,16,0,0,0,0,0,0,0,0,0,55,38,635,7,NA,40,NA
"104","James Starks",9987,111.64,147,"GNB","RB",25,13,2,0,0,0,0,0,133,578,1,37,29,216,0,NA,42,NA
"105","Jamie Harper",10373,203.95,351,"TEN","RB",22,13,0,0,0,0,0,0,17,44,1,6,4,32,0,NA,107,NA
"106","Jared Cook",9474,154.64,135,"TEN","TE",24,16,5,0,0,0,0,0,0,0,0,81,49,759,3,NA,15,NA
"107","Jason Campbell",7837,173.5,148,"OAK","QB",30,6,6,100,165,1170,6,4,18,60,2,0,0,0,0,NA,34,NA
"108","Jason Hill",8775,223.37,204,"JAX","WR",26,10,10,0,0,0,0,0,0,0,0,55,25,367,3,NA,81,NA
"109","Jason Snelling",8911,176.75,253,"ATL","RB",28,15,0,0,0,0,0,0,44,151,0,32,26,179,1,NA,72,NA
"110","Jason Witten",6997,50.71,87,"DAL","TE",29,16,16,0,0,0,0,0,0,0,0,117,79,942,5,27,6,48
"111","Javon Ringer",9604,162.7,244,"TEN","RB",24,12,0,0,0,0,0,0,59,185,1,36,28,187,0,NA,68,NA
"112","Jay Cutler",8252,115.74,74,"CHI","QB",28,10,10,182,314,2319,13,7,18,55,1,0,0,0,0,NA,25,NA
"113","Jeremy Maclin",9436,59.96,100,"PHI","WR",23,13,13,0,0,0,0,0,1,1,0,96,63,859,5,NA,32,NA
"114","Jeremy Shockey",6522,193.67,175,"CAR","TE",31,15,13,0,0,0,0,0,0,0,0,62,37,455,4,NA,25,NA
"115","Jermaine Gresham",9838,165.73,131,"CIN","TE",23,14,13,0,0,0,0,0,0,0,0,92,56,596,6,NA,13,NA
"116","Jermichael Finley",9150,48.61,84,"GNB","TE",24,16,13,0,0,0,0,0,0,0,0,92,55,767,8,29,5,45
"117","Jerome Harrison",8386,170.08,442,"DET","RB",28,4,0,0,0,0,0,0,14,41,0,2,1,3,0,NA,131,NA
"118","Jerome Simpson",9124,165.38,127,"CIN","WR",25,16,14,0,0,0,0,0,0,0,0,105,50,725,4,NA,49,NA
"119","Jimmy Graham",9925,79.72,31,"NOR","TE",25,16,11,0,0,0,0,0,0,0,0,149,99,1310,11,99,2,12
"120","Joe Flacco",9064,97.51,27,"BAL","QB",26,16,16,312,542,3610,20,12,39,88,1,1,1,-8,0,NA,16,NA
"121","John Beck",8760,210.89,211,"WAS","QB",30,4,3,80,132,858,2,4,10,43,2,0,0,0,0,NA,39,NA
"122","Johnny Knox",9575,111.53,146,"CHI","WR",25,14,11,0,0,0,0,0,0,0,0,69,37,727,2,NA,54,NA
"123","Jonathan Stewart",9101,91.87,72,"CAR","RB",24,16,3,0,0,0,0,0,142,761,4,61,47,413,1,NA,25,NA
"124","Jordan Shipley",9900,190.66,485,"CIN","WR",26,2,0,0,0,0,0,0,0,0,0,5,4,14,0,NA,183,NA
"125","Jordy Nelson",9118,127.12,24,"GNB","WR",26,16,9,0,0,0,0,0,0,0,0,96,68,1263,15,97,2,13
"126","Joseph Addai",8271,80.34,197,"IND","RB",28,12,11,0,0,0,0,0,118,433,1,22,15,93,0,NA,55,NA
"127","Josh Cribbs",8072,199.2,161,"CLE","RB",28,16,7,0,0,0,0,0,7,25,0,67,41,518,4,NA,47,NA
"128","Josh Freeman",9460,77.9,21,"TAM","QB",23,15,15,346,551,3592,16,22,55,238,4,1,0,-4,0,NA,14,NA
"129","Josh Morgan",9221,201.39,289,"SFO","WR",26,5,5,0,0,0,0,0,0,0,0,20,15,220,1,NA,119,NA
"130","Julio Jones",10271,79.11,67,"ATL","WR",22,13,13,0,0,0,0,0,6,56,0,95,54,959,8,31,17,43
"131","Julius Thomas",10372,229.83,503,"DEN","TE",23,5,1,0,0,0,0,0,0,0,0,7,1,5,0,NA,97,NA
"132","Justin Forsett",9278,199.56,275,"SEA","RB",26,16,0,0,0,0,0,0,46,145,1,34,23,128,0,NA,79,NA
"133","Kellen Winslow",7396,108.56,136,"TAM","TE",28,16,15,0,0,0,0,0,0,0,0,123,75,763,2,NA,14,NA
"134","Kendall Hunter",10305,173.95,159,"SFO","RB",23,16,1,0,0,0,0,0,112,473,2,26,16,195,0,NA,45,NA
"135","Kenny Britt",9467,72.36,229,"TEN","WR",23,3,3,0,0,0,0,0,0,0,0,26,17,289,3,NA,90,NA
"136","Kerry Collins",1756,194.02,302,"IND","QB",39,3,3,48,98,481,2,1,2,-1,0,0,0,0,0,NA,49,NA
"137","Kevin Boss",8830,195.47,203,"OAK","TE",27,14,11,0,0,0,0,0,0,0,0,40,28,368,3,NA,29,NA
"138","Kevin Kolb",8758,109.34,113,"ARI","QB",27,9,9,146,253,1955,9,8,17,65,0,0,0,0,0,NA,30,NA
"139","Kevin Walter",7183,192.12,178,"HOU","WR",30,15,14,0,0,0,0,0,0,0,0,59,39,474,3,NA,66,NA
"140","Knowshon Moreno",9437,53.61,264,"DEN","RB",24,7,2,0,0,0,0,0,37,179,0,15,11,101,1,NA,76,NA
"141","Kyle Orton",7918,137.54,140,"2TM","QB",29,9,8,150,252,1758,9,9,11,13,0,0,0,0,0,NA,33,NA
"142","Kyle Rudolph",10312,206.85,241,"MIN","TE",22,15,8,0,0,0,0,0,0,0,0,39,26,249,3,NA,36,NA
"143","LaDainian Tomlinson",4895,126.98,138,"NYJ","RB",32,14,1,0,0,0,0,0,75,280,1,61,42,449,2,NA,38,NA
"144","Lance Kendricks",10318,161.36,270,"STL","TE",23,15,10,0,0,0,0,0,1,-8,0,58,28,352,0,NA,39,NA
"145","Lance Moore",8178,110.34,102,"NOR","WR",28,14,7,0,0,0,0,0,0,0,0,73,52,627,8,NA,34,NA
"146","LaRod Stephens-Howling",9670,195.57,212,"ARI","RB",24,14,1,0,0,0,0,0,43,167,0,17,13,234,2,NA,59,NA
"147","Larry Fitzgerald",7393,18.02,34,"ARI","WR",28,16,16,0,0,0,0,0,0,0,0,154,80,1411,8,70,5,17
"148","Lee Evans",7403,123.56,396,"BAL","WR",30,9,2,0,0,0,0,0,0,0,0,26,4,74,0,NA,151,NA
"149","LeGarrette Blount",9898,36.6,90,"TAM","RB",25,14,14,0,0,0,0,0,184,781,5,25,15,148,0,NA,29,NA
"150","Leon Washington",8358,224.35,265,"SEA","RB",29,16,1,0,0,0,0,0,53,248,1,14,10,48,0,NA,77,NA
"151","Leonard Hankerson",10307,202.58,319,"WAS","WR",22,4,2,0,0,0,0,0,0,0,0,20,13,163,0,NA,126,NA
"152","LeSean McCoy",9448,8.78,9,"PHI","RB",23,15,15,0,0,0,0,0,273,1309,17,69,48,315,3,134,2,8
"153","Louis Murphy",9560,206.64,261,"OAK","WR",24,11,1,0,0,0,0,0,6,69,1,33,15,241,0,NA,104,NA
"154","Malcom Floyd",1600,116.33,101,"SDG","WR",30,12,9,0,0,0,0,0,0,0,0,70,43,856,5,NA,33,NA
"155","Marcedes Lewis",8269,97.79,232,"JAX","TE",27,15,15,0,0,0,0,0,0,0,0,85,39,460,0,NA,34,NA
"156","Mario Manningham",9085,69.43,162,"NYG","WR",25,12,10,0,0,0,0,0,0,0,0,77,39,523,4,NA,60,NA
"157","Marion Barber",7921,164.94,152,"CHI","RB",28,11,1,0,0,0,0,0,114,422,6,9,5,50,0,NA,43,NA
"158","Mark Clayton",7834,178.59,459,"STL","WR",29,2,1,0,0,0,0,0,0,0,0,4,3,26,0,NA,177,NA
"159","Mark Ingram",10276,54.26,154,"NOR","RB",22,10,4,0,0,0,0,0,122,474,5,13,11,46,0,NA,44,NA
"160","Mark Sanchez",9429,124.98,16,"NYJ","QB",25,16,16,308,543,3474,26,18,37,103,6,0,0,0,0,26,10,49
"161","Marques Colston",8493,51.42,54,"NOR","WR",28,14,7,0,0,0,0,0,0,0,0,107,80,1143,8,43,11,27
"162","Marshawn Lynch",8670,82.28,22,"SEA","RB",25,15,15,0,2,0,0,0,285,1204,12,41,28,212,1,71,5,16
"163","Matt Cassel",8042,125.05,125,"KAN","QB",29,9,9,160,269,1713,10,9,25,99,0,1,1,-4,0,NA,32,NA
"164","Matt Forte",9122,22.62,46,"CHI","RB",26,12,12,0,1,0,0,0,203,997,3,76,52,490,1,24,15,51
"165","Matt Hasselbeck",3445,171.9,32,"TEN","QB",36,16,16,319,518,3571,18,14,20,52,0,0,0,0,0,NA,19,NA
"166","Matt Ryan",9099,48.06,11,"ATL","QB",26,16,16,347,566,4177,29,12,37,84,2,0,0,0,0,53,8,25
"167","Matt Schaub",7480,50.46,59,"HOU","QB",30,10,10,178,292,2479,15,6,15,9,2,0,0,0,0,NA,23,NA
"168","Matthew Stafford",9431,78.15,6,"DET","QB",23,16,16,421,663,5038,41,16,22,78,0,0,0,0,0,119,5,9
"169","Maurice Jones-Drew",8301,13.65,14,"JAX","RB",26,16,16,0,0,0,0,0,343,1606,8,64,43,374,3,115,3,10
"170","Michael Bush",8685,127.54,37,"OAK","RB",27,16,9,0,0,0,0,0,256,977,7,47,37,418,1,39,9,33
"171","Michael Crabtree",9427,109.55,104,"SFO","WR",24,15,14,0,0,0,0,0,1,6,0,115,72,874,4,NA,35,NA
"172","Michael Jenkins",7419,194.75,179,"MIN","WR",29,11,7,0,0,0,0,0,0,0,0,55,38,466,3,NA,68,NA
"173","Michael Turner",7544,20.65,23,"ATL","RB",29,16,15,0,0,0,0,0,301,1340,11,26,17,168,0,68,6,19
"174","Michael Vick",4891,9.17,18,"PHI","QB",31,13,13,253,423,3303,18,14,76,589,1,0,0,0,0,12,11,62
"175","Mike Goodson",9548,197.99,519,"CAR","RB",24,4,0,0,0,0,0,0,0,0,0,3,1,4,0,NA,158,NA
"176","Mike Sims-Walker",8777,112.73,338,"2TM","WR",27,6,4,0,0,0,0,0,0,0,0,33,12,150,0,NA,134,NA
"177","Mike Thomas",9544,101.36,227,"JAX","WR",24,15,13,0,0,0,0,0,3,11,0,91,44,415,1,NA,89,NA
"178","Mike Tolbert",9315,100.83,64,"SDG","RB",26,15,1,0,0,0,0,0,121,490,8,79,54,433,2,4,22,71
"179","Mike Wallace",9525,28.45,45,"PIT","WR",25,16,14,0,0,0,0,0,5,57,0,114,72,1193,8,54,9,23
"180","Mike Williams",7822,143.31,282,"SEA","WR",27,12,10,0,0,0,0,0,0,0,0,38,18,236,1,NA,114,NA
"181","Mike Williams",7822,143.31,128,"TAM","WR",24,16,15,0,0,0,0,0,1,3,0,124,65,771,3,NA,47,NA
"182","Mike Williams",9927,43.6,282,"SEA","WR",27,12,10,0,0,0,0,0,0,0,0,38,18,236,1,NA,114,NA
"183","Mike Williams",9927,43.6,128,"TAM","WR",24,16,15,0,0,0,0,0,1,3,0,124,65,771,3,NA,47,NA
"184","Miles Austin",8510,31.72,121,"DAL","WR",27,10,10,0,0,0,0,0,2,3,0,73,43,579,7,NA,44,NA
"185","Mohamed Massaquoi",9498,195.01,224,"CLE","WR",25,14,13,0,0,0,0,0,0,0,0,74,31,384,2,NA,86,NA
"186","Montario Hardesty",9908,160.46,255,"CLE","RB",24,10,4,0,0,0,0,0,88,266,0,21,14,122,0,NA,73,NA
"187","Nate Burleson",6999,139.38,118,"DET","WR",30,16,11,0,0,0,0,0,11,85,0,110,73,757,3,NA,42,NA
"188","Nate Washington",8117,202.72,65,"TEN","WR",28,16,15,0,0,0,0,0,2,5,1,121,74,1023,7,32,16,41
"189","Owen Daniels",8339,79.23,143,"HOU","TE",29,15,15,0,0,0,0,0,0,0,0,85,54,677,3,NA,17,NA
"190","Percy Harvin",9441,63.15,42,"MIN","WR",23,16,14,0,0,0,0,0,52,345,2,121,87,967,6,60,7,20
"191","Peyton Hillis",9272,26.34,139,"CLE","RB",25,10,9,0,0,0,0,0,161,587,3,34,22,130,0,NA,39,NA
"192","Philip Rivers",7394,21.1,13,"SDG","QB",30,16,16,366,582,4624,27,20,26,36,1,0,0,0,0,36,9,35
"193","Pierre Garcon",9250,91.7,79,"IND","WR",25,16,16,0,0,0,0,0,4,28,0,134,70,947,6,15,22,57
"194","Pierre Thomas",8931,114.12,78,"NOR","RB",27,16,7,0,0,0,0,0,110,562,5,59,50,425,1,NA,27,NA
"195","Plaxico Burress",5657,97.6,107,"NYJ","WR",34,16,13,0,0,0,0,0,0,0,0,96,45,612,8,NA,37,NA
"196","Randall Cobb",10308,206.77,239,"GNB","WR",21,15,0,0,1,0,0,0,2,5,0,31,25,375,1,NA,95,NA
"197","Rashard Mendenhall",9089,13.68,55,"PIT","RB",24,15,15,0,0,0,0,0,228,928,9,28,18,154,0,14,19,60
"198","Ray Rice",9094,5.04,7,"BAL","RB",24,16,16,1,1,1,1,0,291,1364,12,104,76,704,3,152,1,3
"199","Reggie Bush",8243,84.33,41,"MIA","RB",26,15,15,0,0,0,0,0,216,1086,6,52,43,296,1,32,13,42
"200","Reggie Wayne",4923,32.58,94,"IND","WR",33,16,16,0,0,0,0,0,0,0,0,132,75,960,4,1,29,74
"201","Rex Grossman",6950,205.51,60,"WAS","QB",31,13,13,265,458,3151,16,20,20,11,1,0,0,0,0,NA,24,NA
"202","Ricky Williams",3869,176.35,181,"BAL","RB",34,16,0,0,0,0,0,0,108,444,2,20,13,83,0,NA,52,NA
"203","Rob Gronkowski",9902,103.93,17,"NWE","TE",22,16,16,0,0,0,0,0,1,2,1,124,90,1327,17,143,1,6
"204","Robert Meachem",8680,142.83,122,"NOR","WR",27,16,8,0,0,0,0,0,4,18,0,60,40,620,6,NA,46,NA
"205","Roddy White",7839,14.72,43,"ATL","WR",30,16,16,0,0,0,0,0,0,0,0,180,100,1296,8,59,8,22
"206","Ronnie Brown",7814,147.71,315,"PHI","RB",30,16,2,0,0,0,0,0,42,136,1,2,0,0,0,NA,94,NA
"207","Roy Helu",10355,144.38,95,"WAS","RB",23,15,5,0,0,0,0,0,151,640,2,59,49,379,1,NA,31,NA
"208","Roy Williams",7397,141.96,184,"CHI","WR",30,15,9,0,0,0,0,0,0,0,0,63,37,507,2,NA,71,NA
"209","Ryan Fitzpatrick",8062,144.68,19,"BUF","QB",29,16,16,353,569,3832,24,23,56,215,0,0,0,0,0,NA,12,77
"210","Ryan Grant",8932,69.21,119,"GNB","RB",29,15,14,0,0,0,0,0,134,559,2,24,19,268,1,NA,35,NA
"211","Ryan Mathews",9851,47.07,33,"SDG","RB",24,14,14,0,0,0,0,0,222,1091,6,59,50,455,0,42,7,29
"212","Ryan Torain",9187,138.16,290,"WAS","RB",25,8,4,0,0,0,0,0,59,200,1,9,6,23,0,NA,84,NA
"213","Sam Bradford",9817,90.69,120,"STL","QB",24,10,10,191,357,2164,6,6,18,26,0,0,0,0,0,NA,31,NA
"214","Santana Moss",4907,90.12,153,"WAS","WR",32,12,12,0,0,0,0,0,0,0,0,95,46,584,4,NA,56,NA
"215","Santonio Holmes",8266,52.73,99,"NYJ","WR",27,16,16,0,0,0,0,0,3,27,0,101,51,654,8,NA,31,NA
"216","Shane Vereen",10303,180.02,363,"NWE","RB",22,5,0,0,0,0,0,0,15,57,1,0,0,0,0,NA,112,NA
"217","Shonn Greene",9458,46.83,53,"NYJ","RB",26,16,15,0,0,0,0,0,253,1054,6,41,30,211,0,14,18,58
"218","Sidney Rice",8679,83.69,186,"SEA","WR",25,9,9,1,1,55,0,0,2,3,0,57,32,484,2,NA,70,NA
"219","Stevan Ridley",10334,181.12,221,"NWE","RB",22,16,2,0,0,0,0,0,87,441,1,5,3,13,0,NA,65,NA
"220","Steve Breaston",8822,165.33,137,"KAN","WR",28,16,13,0,0,0,0,0,1,25,0,98,61,785,2,NA,52,NA
"221","Steve Johnson",9269,58.51,73,"BUF","WR",25,16,16,0,0,0,0,0,0,0,0,134,76,1004,7,23,21,52
"222","Steve Smith",4974,99.41,35,"CAR","WR",32,16,16,0,0,0,0,0,6,56,0,129,79,1394,7,70,6,18
"223","Steve Smith",4974,99.41,317,"PHI","WR",26,9,1,0,0,0,0,0,0,0,0,20,11,124,1,NA,125,NA
"224","Steve Smith",8702,151.01,35,"CAR","WR",32,16,16,0,0,0,0,0,6,56,0,129,79,1394,7,70,6,18
"225","Steve Smith",8702,151.01,317,"PHI","WR",26,9,1,0,0,0,0,0,0,0,0,20,11,124,1,NA,125,NA
"226","Steven Jackson",7414,23.25,39,"STL","RB",28,15,15,0,0,0,0,0,260,1145,5,58,42,333,1,35,11,36
"227","Taiwan Jones",10368,215.84,375,"OAK","RB",23,10,0,0,0,0,0,0,16,73,0,3,2,25,0,NA,117,NA
"228","Tarvaris Jackson",8305,186.74,47,"SEA","QB",28,15,14,271,450,3091,14,13,40,108,1,0,0,0,0,NA,20,NA
"229","Tashard Choice",9171,175.02,271,"3TM","RB",27,13,1,0,0,0,0,0,57,152,1,30,19,124,0,NA,78,NA
"230","Thomas Jones",5656,161.84,215,"KAN","RB",33,16,8,0,0,0,0,0,153,478,0,7,5,43,0,NA,60,NA
"231","Tim Hightower",9196,83.59,214,"WAS","RB",25,5,5,0,0,0,0,0,84,321,1,15,10,78,1,NA,61,NA
"232","Tim Tebow",9862,174.52,29,"DEN","QB",24,14,11,126,271,1729,12,6,122,660,6,0,0,0,0,NA,17,NA
"233","Titus Young",10309,205.75,123,"DET","WR",22,16,9,0,0,0,0,0,2,15,0,86,48,607,6,NA,43,NA
"234","Toby Gerhart",9880,189.02,132,"MIN","RB",24,16,5,0,0,0,0,0,109,531,1,28,23,190,3,NA,36,NA
"235","Todd Heap",4924,169.73,268,"ARI","TE",31,10,4,0,0,0,0,0,0,0,0,36,24,283,1,NA,40,NA
"236","Tom Brady",5848,17.33,5,"NWE","QB",34,16,16,401,611,5235,39,12,43,109,3,0,0,0,0,142,4,7
"237","Tony Gonzalez",2918,116.39,80,"ATL","TE",35,16,16,0,0,0,0,0,0,0,0,116,80,875,7,32,4,40
"238","Tony Romo",7260,40.04,10,"DAL","QB",31,16,16,346,522,4184,31,10,22,46,1,0,0,0,0,53,7,24
"239","Torrey Smith",10289,195.03,81,"BAL","WR",22,16,14,0,0,0,0,0,4,39,0,95,50,841,7,11,23,64
"240","Vernon Davis",8247,62.34,103,"SFO","TE",27,16,16,0,0,0,0,0,2,-5,0,95,67,792,6,17,8,56
"241","Vince Young",8244,199.46,250,"PHI","QB",28,6,3,66,114,866,4,9,18,79,0,0,0,0,0,NA,43,NA
"242","Vincent Jackson",7873,25.86,49,"SDG","WR",28,16,16,0,0,0,0,0,3,51,0,115,60,1106,9,51,10,26
"243","Visanthe Shiancoe",7019,171.93,193,"MIN","TE",31,16,14,0,0,0,0,0,0,0,0,70,36,409,3,NA,26,NA
"244","Wes Welker",7653,45.58,26,"NWE","WR",30,16,15,0,0,0,0,0,4,30,0,173,122,1569,9,95,3,14
"245","Willis McGahee",6951,133.35,61,"DEN","RB",30,15,14,0,0,0,0,0,249,1199,4,20,12,51,1,8,21,67
"246","Zach Miller",8683,129.84,371,"JAX","TE",27,4,0,0,0,0,0,0,0,0,0,7,4,42,1,NA,60,NA
"247","Zach Miller",8683,129.84,306,"SEA","TE",26,15,15,0,0,0,0,0,0,0,0,44,25,233,0,NA,44,NA
